State_Name,County_Name
Alabama,Clay
Alabama,Marengo
Alabama,DeKalb
Alabama,Cherokee
Alabama,Hale
Alabama,Perry
Alabama,Colbert
Alabama,Greene
Alabama,Butler
Alabama,Lee
Alabama,Mobile
Alabama,Fayette
Alabama,Chambers
Alabama,Tuscaloosa
Alabama,Wilcox
Alabama,Marshall
Alabama,Escambia
Alabama,Limestone
Alabama,Blount
Alabama,Monroe
Alabama,Marion
Alabama,Lowndes
Alabama,Coosa
Alabama,Pike
Alabama,Sumter
Alabama,Winston
Alabama,Talladega
Alabama,Jackson
Alabama,Baldwin
Alabama,Bullock
Alabama,Autauga
Alabama,Macon
Alabama,St. Clair
Alabama,Choctaw
Alabama,Cullman
Alabama,Shelby
Alabama,Dallas
Alabama,Pickens
Alabama,Lauderdale
Alabama,Cleburne
Alabama,Barbour
Alabama,Geneva
Alabama,Dale
Alabama,Tallapoosa
Alabama,Clarke
Alabama,Houston
Alabama,Washington
Alabama,Madison
Alabama,Crenshaw
Alabama,Calhoun
Alabama,Lawrence
Alabama,Morgan
Alabama,Lamar
Alabama,Russell
Alabama,Franklin
Alabama,Conecuh
Alabama,Elmore
Alabama,Jefferson
Alabama,Walker
Alabama,Randolph
Alabama,Montgomery
Alabama,Bibb
Alabama,Etowah
Alabama,Chilton
Alabama,Coffee
Alabama,Covington
Alabama,Henry
Alaska,Ketchikan Gateway
Alaska,Northwest Arctic
Alaska,Sitka
Alaska,Yukon-Koyukuk
Alaska,Anchorage
Alaska,Prince of Wales-Hyder
Alaska,Petersburg
Alaska,Wrangell
Alaska,Juneau
Alaska,Kenai Peninsula
Alaska,Denali
Alaska,Southeast Fairbanks
Alaska,Fairbanks North Star
Alaska,Haines
Alaska,Bethel
Alaska,Lake and Peninsula
Alaska,Bristol Bay
Alaska,Dillingham
Alaska,Matanuska-Susitna
Alaska,Aleutians East
Alaska,Kusilvak
Alaska,North Slope
Alaska,Nome
Alaska,Aleutians West
Alaska,Kodiak Island
Alaska,Yakutat
Alaska,Copper River
Alaska,Chugach
Alaska,Skagway
Alaska,Hoonah-Angoon
Arizona,Yuma
Arizona,Pinal
Arizona,Navajo
Arizona,Greenlee
Arizona,Maricopa
Arizona,Pima
Arizona,Cochise
Arizona,Coconino
Arizona,Gila
Arizona,Graham
Arizona,Mohave
Arizona,Yavapai
Arizona,La Paz
Arizona,Santa Cruz
Arizona,Apache
Arkansas,Stone
Arkansas,Polk
Arkansas,Independence
Arkansas,Lonoke
Arkansas,Clark
Arkansas,Fulton
Arkansas,Logan
Arkansas,Miller
Arkansas,Arkansas
Arkansas,Carroll
Arkansas,Van Buren
Arkansas,Johnson
Arkansas,Searcy
Arkansas,Garland
Arkansas,Sevier
Arkansas,Jefferson
Arkansas,Lincoln
Arkansas,Randolph
Arkansas,Izard
Arkansas,Scott
Arkansas,Perry
Arkansas,Craighead
Arkansas,Cleburne
Arkansas,Hot Spring
Arkansas,Columbia
Arkansas,Ouachita
Arkansas,Yell
Arkansas,Monroe
Arkansas,Mississippi
Arkansas,Washington
Arkansas,Newton
Arkansas,Calhoun
Arkansas,Cross
Arkansas,Phillips
Arkansas,Franklin
Arkansas,Crawford
Arkansas,Jackson
Arkansas,Clay
Arkansas,Faulkner
Arkansas,Baxter
Arkansas,Little River
Arkansas,Boone
Arkansas,Ashley
Arkansas,Desha
Arkansas,St. Francis
Arkansas,Montgomery
Arkansas,Sharp
Arkansas,Greene
Arkansas,Woodruff
Arkansas,White
Arkansas,Lee
Arkansas,Conway
Arkansas,Howard
Arkansas,Nevada
Arkansas,Pulaski
Arkansas,Grant
Arkansas,Benton
Arkansas,Madison
Arkansas,Dallas
Arkansas,Cleveland
Arkansas,Crittenden
Arkansas,Lafayette
Arkansas,Saline
Arkansas,Chicot
Arkansas,Pope
Arkansas,Marion
Arkansas,Prairie
Arkansas,Bradley
Arkansas,Drew
Arkansas,Pike
Arkansas,Union
Arkansas,Sebastian
Arkansas,Lawrence
Arkansas,Poinsett
Arkansas,Hempstead
California,Sierra
California,Sacramento
California,Santa Barbara
California,Calaveras
California,Ventura
California,Los Angeles
California,Sonoma
California,Kings
California,San Diego
California,Placer
California,San Francisco
California,Marin
California,Mariposa
California,Lassen
California,Napa
California,Shasta
California,Monterey
California,Trinity
California,Mendocino
California,Inyo
California,Mono
California,Tuolumne
California,Solano
California,San Bernardino
California,Contra Costa
California,Alpine
California,El Dorado
California,Yolo
California,Yuba
California,San Benito
California,Humboldt
California,Riverside
California,Kern
California,Colusa
California,Del Norte
California,Modoc
California,Fresno
California,Madera
California,Santa Clara
California,Tehama
California,San Joaquin
California,Alameda
California,Nevada
California,Butte
California,Merced
California,Tulare
California,Stanislaus
California,Orange
California,Imperial
California,Sutter
California,Amador
California,Lake
California,Plumas
California,San Mateo
California,Siskiyou
California,Santa Cruz
California,Glenn
California,San Luis Obispo
Colorado,Saguache
Colorado,Sedgwick
Colorado,Cheyenne
Colorado,Custer
Colorado,La Plata
Colorado,San Juan
Colorado,Pitkin
Colorado,Park
Colorado,Alamosa
Colorado,Prowers
Colorado,Moffat
Colorado,Jefferson
Colorado,Summit
Colorado,Pueblo
Colorado,Boulder
Colorado,Denver
Colorado,Montrose
Colorado,Eagle
Colorado,San Miguel
Colorado,Costilla
Colorado,Broomfield
Colorado,Chaffee
Colorado,Crowley
Colorado,Fremont
Colorado,Huerfano
Colorado,Delta
Colorado,Garfield
Colorado,Rio Blanco
Colorado,Morgan
Colorado,Lincoln
Colorado,Montezuma
Colorado,Adams
Colorado,Mineral
Colorado,Otero
Colorado,Phillips
Colorado,Ouray
Colorado,Bent
Colorado,Archuleta
Colorado,Routt
Colorado,Hinsdale
Colorado,Weld
Colorado,Larimer
Colorado,Lake
Colorado,Rio Grande
Colorado,Gilpin
Colorado,Yuma
Colorado,Jackson
Colorado,Kit Carson
Colorado,Clear Creek
Colorado,Logan
Colorado,Washington
Colorado,Douglas
Colorado,Conejos
Colorado,El Paso
Colorado,Kiowa
Colorado,Teller
Colorado,Gunnison
Colorado,Baca
Colorado,Elbert
Colorado,Mesa
Colorado,Dolores
Colorado,Arapahoe
Colorado,Las Animas
Colorado,Grand
Connecticut,Capitol
Connecticut,Greater Bridgeport
Connecticut,Lower Connecticut River Valley
Connecticut,Naugatuck Valley
Connecticut,Northeastern Connecticut
Connecticut,Northwest Hills
Connecticut,South Central Connecticut
Connecticut,Southeastern Connecticut
Connecticut,Western Connecticut
Delaware,New Castle
Delaware,Sussex
Delaware,Kent
District of Columbia,District of Columbia
Florida,Hernando
Florida,Wakulla
Florida,Walton
Florida,Volusia
Florida,Hendry
Florida,Orange
Florida,Broward
Florida,Palm Beach
Florida,Gilchrist
Florida,Miami-Dade
Florida,Highlands
Florida,Citrus
Florida,Okeechobee
Florida,St. Johns
Florida,DeSoto
Florida,Glades
Florida,Manatee
Florida,Calhoun
Florida,Lake
Florida,Pinellas
Florida,Franklin
Florida,Pasco
Florida,Sumter
Florida,Seminole
Florida,Bradford
Florida,Duval
Florida,Martin
Florida,Dixie
Florida,Escambia
Florida,Monroe
Florida,Flagler
Florida,Lee
Florida,Bay
Florida,Putnam
Florida,Jefferson
Florida,Lafayette
Florida,Hamilton
Florida,Levy
Florida,Polk
Florida,St. Lucie
Florida,Okaloosa
Florida,Columbia
Florida,Holmes
Florida,Collier
Florida,Baker
Florida,Sarasota
Florida,Suwannee
Florida,Taylor
Florida,Union
Florida,Clay
Florida,Madison
Florida,Osceola
Florida,Marion
Florida,Jackson
Florida,Alachua
Florida,Hardee
Florida,Nassau
Florida,Washington
Florida,Santa Rosa
Florida,Brevard
Florida,Liberty
Florida,Indian River
Florida,Gadsden
Florida,Gulf
Florida,Leon
Florida,Hillsborough
Florida,Charlotte
Georgia,McDuffie
Georgia,Brantley
Georgia,Lamar
Georgia,Floyd
Georgia,Terrell
Georgia,Clayton
Georgia,Columbia
Georgia,Macon
Georgia,Charlton
Georgia,Polk
Georgia,DeKalb
Georgia,Pickens
Georgia,Franklin
Georgia,Taliaferro
Georgia,Carroll
Georgia,Cook
Georgia,Toombs
Georgia,Lincoln
Georgia,Harris
Georgia,Screven
Georgia,Walton
Georgia,Gordon
Georgia,Hart
Georgia,Upson
Georgia,Barrow
Georgia,Long
Georgia,Paulding
Georgia,Crawford
Georgia,Union
Georgia,Habersham
Georgia,Wilkinson
Georgia,Meriwether
Georgia,Chattahoochee
Georgia,Berrien
Georgia,Fayette
Georgia,Hancock
Georgia,Tift
Georgia,Haralson
Georgia,Clay
Georgia,Bartow
Georgia,Hall
Georgia,Treutlen
Georgia,Calhoun
Georgia,Early
Georgia,Candler
Georgia,Muscogee
Georgia,Crisp
Georgia,Sumter
Georgia,Clarke
Georgia,Coweta
Georgia,Bleckley
Georgia,Burke
Georgia,Marion
Georgia,Jasper
Georgia,Henry
Georgia,Atkinson
Georgia,Talbot
Georgia,Dawson
Georgia,Johnson
Georgia,Washington
Georgia,Dodge
Georgia,Camden
Georgia,Peach
Georgia,White
Georgia,Jefferson
Georgia,Twiggs
Georgia,Dougherty
Georgia,Catoosa
Georgia,Douglas
Georgia,Morgan
Georgia,Bulloch
Georgia,Wheeler
Georgia,Evans
Georgia,Webster
Georgia,Jones
Georgia,Gwinnett
Georgia,Worth
Georgia,Pierce
Georgia,Pike
Georgia,Stewart
Georgia,Troup
Georgia,Stephens
Georgia,Emanuel
Georgia,Colquitt
Georgia,Richmond
Georgia,Banks
Georgia,Wayne
Georgia,Echols
Georgia,Liberty
Georgia,Rockdale
Georgia,Elbert
Georgia,Wilcox
Georgia,Towns
Georgia,Dooly
Georgia,Pulaski
Georgia,Coffee
Georgia,Ware
Georgia,Appling
Georgia,Fulton
Georgia,Schley
Georgia,Bryan
Georgia,Clinch
Georgia,Lowndes
Georgia,Turner
Georgia,Randolph
Georgia,Jeff Davis
Georgia,Murray
Georgia,Ben Hill
Georgia,Lanier
Georgia,Quitman
Georgia,Oglethorpe
Georgia,Irwin
Georgia,Taylor
Georgia,Montgomery
Georgia,Greene
Georgia,Warren
Georgia,Jenkins
Georgia,Heard
Georgia,Walker
Georgia,Chatham
Georgia,Rabun
Georgia,Oconee
Georgia,Brooks
Georgia,Telfair
Georgia,Miller
Georgia,Laurens
Georgia,Effingham
Georgia,Madison
Georgia,Cobb
Georgia,Seminole
Georgia,Putnam
Georgia,Baker
Georgia,Thomas
Georgia,Cherokee
Georgia,Chattooga
Georgia,Decatur
Georgia,Mitchell
Georgia,Newton
Georgia,Grady
Georgia,Bibb
Georgia,Bacon
Georgia,Jackson
Georgia,Tattnall
Georgia,Wilkes
Georgia,Glascock
Georgia,Whitfield
Georgia,Spalding
Georgia,Butts
Georgia,Lumpkin
Georgia,Dade
Georgia,Houston
Georgia,McIntosh
Georgia,Monroe
Georgia,Forsyth
Georgia,Glynn
Georgia,Baldwin
Georgia,Fannin
Georgia,Lee
Georgia,Gilmer
Hawaii,Honolulu
Hawaii,Kalawao
Hawaii,Kauai
Hawaii,Maui
Hawaii,Hawaii
Idaho,Jefferson
Idaho,Kootenai
Idaho,Gem
Idaho,Franklin
Idaho,Madison
Idaho,Clark
Idaho,Jerome
Idaho,Custer
Idaho,Bonneville
Idaho,Idaho
Idaho,Teton
Idaho,Power
Idaho,Blaine
Idaho,Elmore
Idaho,Benewah
Idaho,Nez Perce
Idaho,Butte
Idaho,Adams
Idaho,Valley
Idaho,Minidoka
Idaho,Bonner
Idaho,Bingham
Idaho,Lemhi
Idaho,Ada
Idaho,Cassia
Idaho,Oneida
Idaho,Clearwater
Idaho,Boise
Idaho,Payette
Idaho,Shoshone
Idaho,Fremont
Idaho,Lewis
Idaho,Bannock
Idaho,Twin Falls
Idaho,Owyhee
Idaho,Washington
Idaho,Latah
Idaho,Gooding
Idaho,Caribou
Idaho,Boundary
Idaho,Bear Lake
Idaho,Lincoln
Idaho,Camas
Idaho,Canyon
Illinois,Hancock
Illinois,Clay
Illinois,Wabash
Illinois,McLean
Illinois,Bond
Illinois,Brown
Illinois,Jersey
Illinois,Piatt
Illinois,Pope
Illinois,Bureau
Illinois,Coles
Illinois,Mercer
Illinois,Effingham
Illinois,Cumberland
Illinois,Crawford
Illinois,Fulton
Illinois,Montgomery
Illinois,Macon
Illinois,Franklin
Illinois,Clark
Illinois,Rock Island
Illinois,Kendall
Illinois,Cook
Illinois,Gallatin
Illinois,Lee
Illinois,DeKalb
Illinois,Stark
Illinois,Adams
Illinois,Iroquois
Illinois,Ford
Illinois,Douglas
Illinois,St. Clair
Illinois,Washington
Illinois,Scott
Illinois,Richland
Illinois,Menard
Illinois,Hamilton
Illinois,White
Illinois,De Witt
Illinois,Putnam
Illinois,Schuyler
Illinois,Stephenson
Illinois,Union
Illinois,Kankakee
Illinois,Clinton
Illinois,Jo Daviess
Illinois,Williamson
Illinois,Mason
Illinois,Livingston
Illinois,Wayne
Illinois,Kane
Illinois,Hardin
Illinois,Grundy
Illinois,McDonough
Illinois,Massac
Illinois,Henry
Illinois,Greene
Illinois,Randolph
Illinois,Pike
Illinois,Woodford
Illinois,Perry
Illinois,Johnson
Illinois,Shelby
Illinois,Fayette
Illinois,Winnebago
Illinois,Ogle
Illinois,Moultrie
Illinois,Cass
Illinois,Sangamon
Illinois,Tazewell
Illinois,LaSalle
Illinois,Vermilion
Illinois,Boone
Illinois,Morgan
Illinois,Marshall
Illinois,Jasper
Illinois,Calhoun
Illinois,Marion
Illinois,Warren
Illinois,Will
Illinois,Pulaski
Illinois,Madison
Illinois,Monroe
Illinois,Alexander
Illinois,DuPage
Illinois,Saline
Illinois,Lake
Illinois,Macoupin
Illinois,Whiteside
Illinois,Logan
Illinois,Jefferson
Illinois,Lawrence
Illinois,Peoria
Illinois,Champaign
Illinois,Edgar
Illinois,Christian
Illinois,Knox
Illinois,McHenry
Illinois,Carroll
Illinois,Edwards
Illinois,Henderson
Illinois,Jackson
Indiana,Jasper
Indiana,Steuben
Indiana,Ohio
Indiana,Perry
Indiana,Benton
Indiana,Huntington
Indiana,Wabash
Indiana,Allen
Indiana,Marshall
Indiana,Orange
Indiana,Newton
Indiana,Warrick
Indiana,Wells
Indiana,Warren
Indiana,Lake
Indiana,Tippecanoe
Indiana,LaPorte
Indiana,Hamilton
Indiana,Posey
Indiana,Decatur
Indiana,Dubois
Indiana,Scott
Indiana,Ripley
Indiana,Union
Indiana,Franklin
Indiana,Bartholomew
Indiana,Cass
Indiana,Carroll
Indiana,Montgomery
Indiana,Gibson
Indiana,Vermillion
Indiana,Henry
Indiana,Fulton
Indiana,Porter
Indiana,Greene
Indiana,Rush
Indiana,Vanderburgh
Indiana,Johnson
Indiana,Owen
Indiana,Clinton
Indiana,Hancock
Indiana,Randolph
Indiana,Jefferson
Indiana,Vigo
Indiana,Elkhart
Indiana,Floyd
Indiana,LaGrange
Indiana,Harrison
Indiana,Knox
Indiana,Pulaski
Indiana,Brown
Indiana,Clark
Indiana,Morgan
Indiana,Grant
Indiana,St. Joseph
Indiana,Starke
Indiana,Fountain
Indiana,Tipton
Indiana,Crawford
Indiana,Switzerland
Indiana,Delaware
Indiana,Spencer
Indiana,Kosciusko
Indiana,Boone
Indiana,Jay
Indiana,Sullivan
Indiana,White
Indiana,Noble
Indiana,Clay
Indiana,Jennings
Indiana,Daviess
Indiana,DeKalb
Indiana,Howard
Indiana,Pike
Indiana,Dearborn
Indiana,Jackson
Indiana,Martin
Indiana,Wayne
Indiana,Shelby
Indiana,Monroe
Indiana,Miami
Indiana,Madison
Indiana,Putnam
Indiana,Marion
Indiana,Parke
Indiana,Whitley
Indiana,Fayette
Indiana,Adams
Indiana,Washington
Indiana,Blackford
Indiana,Hendricks
Indiana,Lawrence
Iowa,Decatur
Iowa,Cedar
Iowa,Carroll
Iowa,Pocahontas
Iowa,Kossuth
Iowa,Harrison
Iowa,Webster
Iowa,Jefferson
Iowa,Madison
Iowa,Howard
Iowa,Palo Alto
Iowa,Ringgold
Iowa,Clinton
Iowa,Calhoun
Iowa,Worth
Iowa,Black Hawk
Iowa,Clarke
Iowa,Fayette
Iowa,Warren
Iowa,Adair
Iowa,Chickasaw
Iowa,Hancock
Iowa,Dubuque
Iowa,Poweshiek
Iowa,Shelby
Iowa,Benton
Iowa,Wayne
Iowa,Jackson
Iowa,Linn
Iowa,Dickinson
Iowa,Clayton
Iowa,Buena Vista
Iowa,Mills
Iowa,Dallas
Iowa,Marion
Iowa,Mahaska
Iowa,Appanoose
Iowa,Van Buren
Iowa,Johnson
Iowa,Wright
Iowa,Montgomery
Iowa,Union
Iowa,Keokuk
Iowa,Story
Iowa,Mitchell
Iowa,Grundy
Iowa,Winneshiek
Iowa,Polk
Iowa,Sac
Iowa,Marshall
Iowa,Delaware
Iowa,Davis
Iowa,Floyd
Iowa,Audubon
Iowa,Jones
Iowa,Hardin
Iowa,Boone
Iowa,Jasper
Iowa,Plymouth
Iowa,Pottawattamie
Iowa,Taylor
Iowa,Page
Iowa,Cherokee
Iowa,Des Moines
Iowa,Scott
Iowa,Lee
Iowa,Fremont
Iowa,Iowa
Iowa,Butler
Iowa,Emmet
Iowa,Woodbury
Iowa,Clay
Iowa,Crawford
Iowa,Buchanan
Iowa,Osceola
Iowa,Cerro Gordo
Iowa,Greene
Iowa,Wapello
Iowa,Henry
Iowa,Lyon
Iowa,Adams
Iowa,Monona
Iowa,Humboldt
Iowa,Louisa
Iowa,Tama
Iowa,Monroe
Iowa,Muscatine
Iowa,Lucas
Iowa,Hamilton
Iowa,Franklin
Iowa,Bremer
Iowa,"O'Brien"
Iowa,Guthrie
Iowa,Washington
Iowa,Sioux
Iowa,Allamakee
Iowa,Winnebago
Iowa,Ida
Iowa,Cass
Kansas,Greenwood
Kansas,Doniphan
Kansas,Republic
Kansas,Decatur
Kansas,Phillips
Kansas,Lyon
Kansas,Hamilton
Kansas,Wallace
Kansas,Riley
Kansas,Ellis
Kansas,Pratt
Kansas,Lane
Kansas,Trego
Kansas,Greeley
Kansas,McPherson
Kansas,Cowley
Kansas,Osage
Kansas,Marion
Kansas,Rush
Kansas,Stanton
Kansas,Franklin
Kansas,Pottawatomie
Kansas,Sherman
Kansas,Allen
Kansas,Labette
Kansas,Johnson
Kansas,Cherokee
Kansas,Cheyenne
Kansas,Atchison
Kansas,Cloud
Kansas,Geary
Kansas,Russell
Kansas,Barton
Kansas,Shawnee
Kansas,Butler
Kansas,Jewell
Kansas,Mitchell
Kansas,Scott
Kansas,Stevens
Kansas,Douglas
Kansas,Comanche
Kansas,Pawnee
Kansas,Wyandotte
Kansas,Graham
Kansas,Morton
Kansas,Sumner
Kansas,Miami
Kansas,Gove
Kansas,Ford
Kansas,Neosho
Kansas,Linn
Kansas,Brown
Kansas,Bourbon
Kansas,Clay
Kansas,Lincoln
Kansas,Smith
Kansas,Morris
Kansas,Barber
Kansas,Logan
Kansas,Chase
Kansas,Crawford
Kansas,Woodson
Kansas,Jefferson
Kansas,Rawlins
Kansas,Thomas
Kansas,Ottawa
Kansas,Rice
Kansas,Ness
Kansas,Wilson
Kansas,Osborne
Kansas,Clark
Kansas,Haskell
Kansas,Saline
Kansas,Kingman
Kansas,Stafford
Kansas,Dickinson
Kansas,Finney
Kansas,Montgomery
Kansas,Edwards
Kansas,Harvey
Kansas,Sheridan
Kansas,Kiowa
Kansas,Harper
Kansas,Washington
Kansas,Elk
Kansas,Seward
Kansas,Nemaha
Kansas,Norton
Kansas,Coffey
Kansas,Kearny
Kansas,Ellsworth
Kansas,Hodgeman
Kansas,Meade
Kansas,Anderson
Kansas,Marshall
Kansas,Wichita
Kansas,Grant
Kansas,Leavenworth
Kansas,Chautauqua
Kansas,Rooks
Kansas,Reno
Kansas,Gray
Kansas,Wabaunsee
Kansas,Sedgwick
Kansas,Jackson
Kentucky,Clinton
Kentucky,Allen
Kentucky,Wayne
Kentucky,Scott
Kentucky,Edmonson
Kentucky,Adair
Kentucky,Gallatin
Kentucky,Harrison
Kentucky,Bourbon
Kentucky,Perry
Kentucky,Crittenden
Kentucky,Knott
Kentucky,Lawrence
Kentucky,Morgan
Kentucky,Muhlenberg
Kentucky,Green
Kentucky,Wolfe
Kentucky,Robertson
Kentucky,Lee
Kentucky,Kenton
Kentucky,Madison
Kentucky,Martin
Kentucky,Owsley
Kentucky,Clay
Kentucky,Harlan
Kentucky,Elliott
Kentucky,Fayette
Kentucky,Hancock
Kentucky,Daviess
Kentucky,Powell
Kentucky,Graves
Kentucky,Jessamine
Kentucky,Monroe
Kentucky,Grant
Kentucky,Taylor
Kentucky,Greenup
Kentucky,Henderson
Kentucky,Logan
Kentucky,Butler
Kentucky,Floyd
Kentucky,Boyle
Kentucky,Estill
Kentucky,Bullitt
Kentucky,Boone
Kentucky,Washington
Kentucky,Carlisle
Kentucky,Whitley
Kentucky,Ohio
Kentucky,Mason
Kentucky,Bracken
Kentucky,Carter
Kentucky,Hopkins
Kentucky,Bell
Kentucky,Pike
Kentucky,Breathitt
Kentucky,Warren
Kentucky,Hickman
Kentucky,McCracken
Kentucky,Union
Kentucky,Leslie
Kentucky,Lyon
Kentucky,Knox
Kentucky,Calloway
Kentucky,Jackson
Kentucky,Ballard
Kentucky,Henry
Kentucky,Mercer
Kentucky,Lewis
Kentucky,Trigg
Kentucky,Marshall
Kentucky,Hart
Kentucky,Lincoln
Kentucky,Pulaski
Kentucky,Campbell
Kentucky,Cumberland
Kentucky,Laurel
Kentucky,Grayson
Kentucky,Magoffin
Kentucky,Montgomery
Kentucky,Larue
Kentucky,Livingston
Kentucky,Shelby
Kentucky,Todd
Kentucky,Breckinridge
Kentucky,Simpson
Kentucky,Rowan
Kentucky,Carroll
Kentucky,Jefferson
Kentucky,Fulton
Kentucky,Hardin
Kentucky,Christian
Kentucky,Anderson
Kentucky,Oldham
Kentucky,Rockcastle
Kentucky,Trimble
Kentucky,Barren
Kentucky,McCreary
Kentucky,Pendleton
Kentucky,Spencer
Kentucky,Letcher
Kentucky,Clark
Kentucky,Woodford
Kentucky,McLean
Kentucky,Franklin
Kentucky,Menifee
Kentucky,Marion
Kentucky,Fleming
Kentucky,Caldwell
Kentucky,Garrard
Kentucky,Casey
Kentucky,Metcalfe
Kentucky,Russell
Kentucky,Meade
Kentucky,Nelson
Kentucky,Owen
Kentucky,Bath
Kentucky,Nicholas
Kentucky,Boyd
Kentucky,Johnson
Kentucky,Webster
Louisiana,Calcasieu
Louisiana,Union
Louisiana,Tangipahoa
Louisiana,Caldwell
Louisiana,Tensas
Louisiana,Jackson
Louisiana,Grant
Louisiana,Lincoln
Louisiana,Jefferson Davis
Louisiana,Lafayette
Louisiana,Vermilion
Louisiana,East Carroll
Louisiana,East Feliciana
Louisiana,St. Bernard
Louisiana,Iberville
Louisiana,Richland
Louisiana,St. Martin
Louisiana,Claiborne
Louisiana,Evangeline
Louisiana,St. Landry
Louisiana,Pointe Coupee
Louisiana,LaSalle
Louisiana,Webster
Louisiana,St. James
Louisiana,Plaquemines
Louisiana,Morehouse
Louisiana,Rapides
Louisiana,Avoyelles
Louisiana,Winn
Louisiana,Vernon
Louisiana,Catahoula
Louisiana,Assumption
Louisiana,De Soto
Louisiana,Caddo
Louisiana,Red River
Louisiana,Washington
Louisiana,Sabine
Louisiana,Jefferson
Louisiana,St. Tammany
Louisiana,Cameron
Louisiana,East Baton Rouge
Louisiana,Iberia
Louisiana,Natchitoches
Louisiana,Terrebonne
Louisiana,Bienville
Louisiana,Bossier
Louisiana,Allen
Louisiana,Ouachita
Louisiana,St. John the Baptist
Louisiana,St. Helena
Louisiana,West Feliciana
Louisiana,St. Mary
Louisiana,Lafourche
Louisiana,West Carroll
Louisiana,Concordia
Louisiana,Livingston
Louisiana,West Baton Rouge
Louisiana,Madison
Louisiana,Orleans
Louisiana,Ascension
Louisiana,Acadia
Louisiana,St. Charles
Louisiana,Beauregard
Louisiana,Franklin
Maine,Androscoggin
Maine,Sagadahoc
Maine,Washington
Maine,Waldo
Maine,York
Maine,Penobscot
Maine,Kennebec
Maine,Oxford
Maine,Piscataquis
Maine,Lincoln
Maine,Cumberland
Maine,Hancock
Maine,Knox
Maine,Franklin
Maine,Aroostook
Maine,Somerset
Maryland,Worcester
Maryland,Allegany
Maryland,Baltimore
Maryland,Cecil
Maryland,Baltimore
Maryland,Carroll
Maryland,Calvert
Maryland,Dorchester
Maryland,Anne Arundel
Maryland,Frederick
Maryland,"Prince George's"
Maryland,Howard
Maryland,Garrett
Maryland,Montgomery
Maryland,"Queen Anne's"
Maryland,Talbot
Maryland,Wicomico
Maryland,Somerset
Maryland,Harford
Maryland,"St. Mary's"
Maryland,Kent
Maryland,Charles
Maryland,Washington
Maryland,Caroline
Massachusetts,Hampshire
Massachusetts,Suffolk
Massachusetts,Barnstable
Massachusetts,Worcester
Massachusetts,Nantucket
Massachusetts,Dukes
Massachusetts,Hampden
Massachusetts,Berkshire
Massachusetts,Bristol
Massachusetts,Middlesex
Massachusetts,Essex
Massachusetts,Norfolk
Massachusetts,Plymouth
Massachusetts,Franklin
Michigan,Menominee
Michigan,Alpena
Michigan,Clare
Michigan,Marquette
Michigan,Leelanau
Michigan,Schoolcraft
Michigan,Alger
Michigan,Newaygo
Michigan,Sanilac
Michigan,Wayne
Michigan,Van Buren
Michigan,Chippewa
Michigan,Clinton
Michigan,St. Joseph
Michigan,Iron
Michigan,Ontonagon
Michigan,Baraga
Michigan,Alcona
Michigan,Lake
Michigan,Ottawa
Michigan,Barry
Michigan,Antrim
Michigan,Jackson
Michigan,Roscommon
Michigan,Luce
Michigan,Gogebic
Michigan,Berrien
Michigan,Montmorency
Michigan,Oscoda
Michigan,Ogemaw
Michigan,Ingham
Michigan,Lapeer
Michigan,Kalkaska
Michigan,Mason
Michigan,Shiawassee
Michigan,St. Clair
Michigan,Livingston
Michigan,Tuscola
Michigan,Oceana
Michigan,Washtenaw
Michigan,Hillsdale
Michigan,Benzie
Michigan,Gratiot
Michigan,Wexford
Michigan,Genesee
Michigan,Presque Isle
Michigan,Calhoun
Michigan,Otsego
Michigan,Mecosta
Michigan,Huron
Michigan,Iosco
Michigan,Ionia
Michigan,Kent
Michigan,Macomb
Michigan,Dickinson
Michigan,Montcalm
Michigan,Saginaw
Michigan,Bay
Michigan,Arenac
Michigan,Emmet
Michigan,Cheboygan
Michigan,Gladwin
Michigan,Monroe
Michigan,Kalamazoo
Michigan,Grand Traverse
Michigan,Crawford
Michigan,Mackinac
Michigan,Midland
Michigan,Eaton
Michigan,Cass
Michigan,Manistee
Michigan,Missaukee
Michigan,Oakland
Michigan,Osceola
Michigan,Branch
Michigan,Allegan
Michigan,Keweenaw
Michigan,Houghton
Michigan,Charlevoix
Michigan,Muskegon
Michigan,Delta
Michigan,Isabella
Michigan,Lenawee
Minnesota,Mille Lacs
Minnesota,Fillmore
Minnesota,Lac qui Parle
Minnesota,McLeod
Minnesota,Todd
Minnesota,Nobles
Minnesota,Aitkin
Minnesota,Hubbard
Minnesota,Jackson
Minnesota,Dodge
Minnesota,Freeborn
Minnesota,Pope
Minnesota,Sibley
Minnesota,Olmsted
Minnesota,Kandiyohi
Minnesota,Rock
Minnesota,Waseca
Minnesota,Cottonwood
Minnesota,Koochiching
Minnesota,Watonwan
Minnesota,Wright
Minnesota,Clay
Minnesota,Scott
Minnesota,Becker
Minnesota,Norman
Minnesota,Chisago
Minnesota,Marshall
Minnesota,Winona
Minnesota,Beltrami
Minnesota,Lyon
Minnesota,Goodhue
Minnesota,Itasca
Minnesota,Meeker
Minnesota,Kanabec
Minnesota,Lake of the Woods
Minnesota,Lincoln
Minnesota,Otter Tail
Minnesota,Cass
Minnesota,Dakota
Minnesota,Lake
Minnesota,Anoka
Minnesota,Mower
Minnesota,Murray
Minnesota,Ramsey
Minnesota,Wilkin
Minnesota,Isanti
Minnesota,Benton
Minnesota,Wadena
Minnesota,Pennington
Minnesota,Wabasha
Minnesota,Washington
Minnesota,Crow Wing
Minnesota,Traverse
Minnesota,Yellow Medicine
Minnesota,Rice
Minnesota,Stearns
Minnesota,Sherburne
Minnesota,Le Sueur
Minnesota,St. Louis
Minnesota,Cook
Minnesota,Grant
Minnesota,Chippewa
Minnesota,Faribault
Minnesota,Carlton
Minnesota,Pine
Minnesota,Stevens
Minnesota,Kittson
Minnesota,Martin
Minnesota,Morrison
Minnesota,Pipestone
Minnesota,Renville
Minnesota,Mahnomen
Minnesota,Hennepin
Minnesota,Brown
Minnesota,Nicollet
Minnesota,Douglas
Minnesota,Swift
Minnesota,Steele
Minnesota,Red Lake
Minnesota,Clearwater
Minnesota,Big Stone
Minnesota,Blue Earth
Minnesota,Polk
Minnesota,Redwood
Minnesota,Houston
Minnesota,Carver
Minnesota,Roseau
Mississippi,Jasper
Mississippi,Chickasaw
Mississippi,Union
Mississippi,Kemper
Mississippi,Washington
Mississippi,Issaquena
Mississippi,Benton
Mississippi,Lowndes
Mississippi,Lamar
Mississippi,Alcorn
Mississippi,Lafayette
Mississippi,Carroll
Mississippi,Lincoln
Mississippi,Tunica
Mississippi,Montgomery
Mississippi,Choctaw
Mississippi,Tippah
Mississippi,Pearl River
Mississippi,Perry
Mississippi,Bolivar
Mississippi,Warren
Mississippi,Newton
Mississippi,Tallahatchie
Mississippi,Sharkey
Mississippi,Forrest
Mississippi,Yalobusha
Mississippi,Clarke
Mississippi,Simpson
Mississippi,Stone
Mississippi,Rankin
Mississippi,Marion
Mississippi,George
Mississippi,Monroe
Mississippi,Scott
Mississippi,Holmes
Mississippi,Oktibbeha
Mississippi,Covington
Mississippi,Pontotoc
Mississippi,Yazoo
Mississippi,Tate
Mississippi,Lawrence
Mississippi,Attala
Mississippi,Prentiss
Mississippi,Pike
Mississippi,Copiah
Mississippi,Calhoun
Mississippi,Greene
Mississippi,Amite
Mississippi,Hancock
Mississippi,Smith
Mississippi,Claiborne
Mississippi,Wayne
Mississippi,Winston
Mississippi,Humphreys
Mississippi,Noxubee
Mississippi,Leflore
Mississippi,Coahoma
Mississippi,Harrison
Mississippi,Jackson
Mississippi,Panola
Mississippi,Marshall
Mississippi,Grenada
Mississippi,Tishomingo
Mississippi,Quitman
Mississippi,Wilkinson
Mississippi,Leake
Mississippi,Clay
Mississippi,Franklin
Mississippi,Neshoba
Mississippi,Lee
Mississippi,Sunflower
Mississippi,Jefferson
Mississippi,Adams
Mississippi,Itawamba
Mississippi,Hinds
Mississippi,DeSoto
Mississippi,Jones
Mississippi,Lauderdale
Mississippi,Walthall
Mississippi,Jefferson Davis
Mississippi,Webster
Mississippi,Madison
Missouri,Henry
Missouri,Barton
Missouri,Knox
Missouri,Livingston
Missouri,Johnson
Missouri,Madison
Missouri,Maries
Missouri,Lawrence
Missouri,Reynolds
Missouri,Newton
Missouri,Christian
Missouri,McDonald
Missouri,Atchison
Missouri,Boone
Missouri,Harrison
Missouri,Cass
Missouri,Douglas
Missouri,Webster
Missouri,Iron
Missouri,Grundy
Missouri,Pike
Missouri,Scott
Missouri,Stone
Missouri,Howard
Missouri,Washington
Missouri,Miller
Missouri,Platte
Missouri,Buchanan
Missouri,Cole
Missouri,Ralls
Missouri,Andrew
Missouri,Montgomery
Missouri,Ozark
Missouri,Marion
Missouri,Ray
Missouri,Butler
Missouri,Laclede
Missouri,Saline
Missouri,Franklin
Missouri,Chariton
Missouri,Wayne
Missouri,Cedar
Missouri,Bollinger
Missouri,Randolph
Missouri,Jasper
Missouri,Oregon
Missouri,Dallas
Missouri,Osage
Missouri,Gasconade
Missouri,St. Charles
Missouri,Holt
Missouri,Crawford
Missouri,Lafayette
Missouri,Ste. Genevieve
Missouri,Clark
Missouri,Worth
Missouri,Phelps
Missouri,Hickory
Missouri,Barry
Missouri,Polk
Missouri,Caldwell
Missouri,Lewis
Missouri,Ripley
Missouri,Warren
Missouri,Jackson
Missouri,Stoddard
Missouri,Pulaski
Missouri,Gentry
Missouri,Adair
Missouri,St. Louis
Missouri,Wright
Missouri,Audrain
Missouri,Cooper
Missouri,Clay
Missouri,Sullivan
Missouri,Nodaway
Missouri,Taney
Missouri,Linn
Missouri,Moniteau
Missouri,Callaway
Missouri,Jefferson
Missouri,Lincoln
Missouri,Texas
Missouri,Morgan
Missouri,Greene
Missouri,Carter
Missouri,Cape Girardeau
Missouri,Mississippi
Missouri,Schuyler
Missouri,Howell
Missouri,Macon
Missouri,Daviess
Missouri,Shelby
Missouri,Shannon
Missouri,Perry
Missouri,Dade
Missouri,Scotland
Missouri,Putnam
Missouri,St. Francois
Missouri,Clinton
Missouri,Carroll
Missouri,Vernon
Missouri,Benton
Missouri,Dent
Missouri,St. Clair
Missouri,Mercer
Missouri,Pettis
Missouri,DeKalb
Missouri,Dunklin
Missouri,Monroe
Missouri,Pemiscot
Missouri,St. Louis
Missouri,Bates
Missouri,New Madrid
Missouri,Camden
Montana,Musselshell
Montana,Chouteau
Montana,Meagher
Montana,Rosebud
Montana,Sweet Grass
Montana,Lewis and Clark
Montana,Pondera
Montana,Garfield
Montana,Carter
Montana,Gallatin
Montana,Liberty
Montana,Silver Bow
Montana,Cascade
Montana,Flathead
Montana,Fergus
Montana,Broadwater
Montana,Big Horn
Montana,Sanders
Montana,Lincoln
Montana,Granite
Montana,Custer
Montana,Richland
Montana,Wibaux
Montana,Golden Valley
Montana,Carbon
Montana,Toole
Montana,Blaine
Montana,Judith Basin
Montana,Powell
Montana,Park
Montana,Roosevelt
Montana,Fallon
Montana,McCone
Montana,Stillwater
Montana,Teton
Montana,Dawson
Montana,Powder River
Montana,Glacier
Montana,Lake
Montana,Hill
Montana,Treasure
Montana,Mineral
Montana,Yellowstone
Montana,Jefferson
Montana,Deer Lodge
Montana,Wheatland
Montana,Ravalli
Montana,Valley
Montana,Petroleum
Montana,Phillips
Montana,Missoula
Montana,Sheridan
Montana,Daniels
Montana,Prairie
Montana,Madison
Montana,Beaverhead
Nebraska,Cuming
Nebraska,Lancaster
Nebraska,Nuckolls
Nebraska,Keith
Nebraska,Phelps
Nebraska,Webster
Nebraska,Dakota
Nebraska,Boyd
Nebraska,Thomas
Nebraska,Holt
Nebraska,Brown
Nebraska,Keya Paha
Nebraska,Banner
Nebraska,Greeley
Nebraska,Jefferson
Nebraska,Saline
Nebraska,Dundy
Nebraska,Scotts Bluff
Nebraska,Adams
Nebraska,Otoe
Nebraska,Kearney
Nebraska,Hitchcock
Nebraska,Kimball
Nebraska,Nemaha
Nebraska,Custer
Nebraska,Cass
Nebraska,Polk
Nebraska,Dawes
Nebraska,Wayne
Nebraska,Garfield
Nebraska,Douglas
Nebraska,Pierce
Nebraska,Platte
Nebraska,Box Butte
Nebraska,Thurston
Nebraska,Boone
Nebraska,Madison
Nebraska,McPherson
Nebraska,Red Willow
Nebraska,Rock
Nebraska,Gosper
Nebraska,Gage
Nebraska,Dawson
Nebraska,Arthur
Nebraska,Hayes
Nebraska,Johnson
Nebraska,Antelope
Nebraska,Sioux
Nebraska,Lincoln
Nebraska,Sherman
Nebraska,Logan
Nebraska,Merrick
Nebraska,Sheridan
Nebraska,Pawnee
Nebraska,Sarpy
Nebraska,Grant
Nebraska,Burt
Nebraska,Saunders
Nebraska,Blaine
Nebraska,Dixon
Nebraska,Stanton
Nebraska,Wheeler
Nebraska,Franklin
Nebraska,Dodge
Nebraska,Chase
Nebraska,Buffalo
Nebraska,Fillmore
Nebraska,York
Nebraska,Seward
Nebraska,Clay
Nebraska,Cheyenne
Nebraska,Garden
Nebraska,Harlan
Nebraska,Washington
Nebraska,Hooker
Nebraska,Richardson
Nebraska,Furnas
Nebraska,Howard
Nebraska,Valley
Nebraska,Cedar
Nebraska,Thayer
Nebraska,Deuel
Nebraska,Morrill
Nebraska,Hall
Nebraska,Hamilton
Nebraska,Loup
Nebraska,Frontier
Nebraska,Nance
Nebraska,Knox
Nebraska,Perkins
Nebraska,Colfax
Nebraska,Butler
Nebraska,Cherry
Nevada,Churchill
Nevada,Humboldt
Nevada,Clark
Nevada,Mineral
Nevada,Nye
Nevada,Douglas
Nevada,White Pine
Nevada,Carson City
Nevada,Eureka
Nevada,Elko
Nevada,Lyon
Nevada,Lander
Nevada,Washoe
Nevada,Storey
Nevada,Lincoln
Nevada,Pershing
Nevada,Esmeralda
New Hampshire,Grafton
New Hampshire,Sullivan
New Hampshire,Cheshire
New Hampshire,Coos
New Hampshire,Merrimack
New Hampshire,Carroll
New Hampshire,Rockingham
New Hampshire,Hillsborough
New Hampshire,Strafford
New Hampshire,Belknap
New Jersey,Sussex
New Jersey,Camden
New Jersey,Union
New Jersey,Cape May
New Jersey,Burlington
New Jersey,Middlesex
New Jersey,Hudson
New Jersey,Monmouth
New Jersey,Somerset
New Jersey,Ocean
New Jersey,Gloucester
New Jersey,Cumberland
New Jersey,Morris
New Jersey,Essex
New Jersey,Bergen
New Jersey,Warren
New Jersey,Passaic
New Jersey,Salem
New Jersey,Hunterdon
New Jersey,Atlantic
New Jersey,Mercer
New Mexico,De Baca
New Mexico,Otero
New Mexico,Catron
New Mexico,Union
New Mexico,San Miguel
New Mexico,Taos
New Mexico,Grant
New Mexico,Colfax
New Mexico,Sandoval
New Mexico,Cibola
New Mexico,Doña Ana
New Mexico,Harding
New Mexico,Hidalgo
New Mexico,Socorro
New Mexico,Los Alamos
New Mexico,Mora
New Mexico,Eddy
New Mexico,Curry
New Mexico,Roosevelt
New Mexico,San Juan
New Mexico,Lincoln
New Mexico,Guadalupe
New Mexico,Torrance
New Mexico,Luna
New Mexico,McKinley
New Mexico,Rio Arriba
New Mexico,Lea
New Mexico,Chaves
New Mexico,Santa Fe
New Mexico,Quay
New Mexico,Bernalillo
New Mexico,Sierra
New Mexico,Valencia
New York,Steuben
New York,Saratoga
New York,Allegany
New York,Oswego
New York,Ulster
New York,St. Lawrence
New York,Schuyler
New York,Essex
New York,Suffolk
New York,Hamilton
New York,Dutchess
New York,Otsego
New York,Tompkins
New York,Albany
New York,Cayuga
New York,Greene
New York,Herkimer
New York,Warren
New York,Jefferson
New York,Clinton
New York,Nassau
New York,Madison
New York,Washington
New York,Westchester
New York,Lewis
New York,Ontario
New York,Cortland
New York,Richmond
New York,Erie
New York,Putnam
New York,Montgomery
New York,Sullivan
New York,Orleans
New York,Oneida
New York,Cattaraugus
New York,Yates
New York,Tioga
New York,Monroe
New York,Schoharie
New York,Broome
New York,Rensselaer
New York,Seneca
New York,Queens
New York,Genesee
New York,Wayne
New York,Niagara
New York,Kings
New York,Chemung
New York,Wyoming
New York,New York
New York,Columbia
New York,Chautauqua
New York,Franklin
New York,Onondaga
New York,Chenango
New York,Fulton
New York,Rockland
New York,Livingston
New York,Delaware
New York,Orange
New York,Schenectady
New York,Bronx
North Carolina,Chatham
North Carolina,Alamance
North Carolina,Davidson
North Carolina,Franklin
North Carolina,Robeson
North Carolina,Lincoln
North Carolina,Caldwell
North Carolina,Durham
North Carolina,Person
North Carolina,Madison
North Carolina,Randolph
North Carolina,Northampton
North Carolina,Beaufort
North Carolina,Rowan
North Carolina,Cumberland
North Carolina,Richmond
North Carolina,Hoke
North Carolina,Cabarrus
North Carolina,Camden
North Carolina,Stokes
North Carolina,Carteret
North Carolina,Alleghany
North Carolina,Pasquotank
North Carolina,Wilkes
North Carolina,Alexander
North Carolina,Halifax
North Carolina,Sampson
North Carolina,Watauga
North Carolina,Swain
North Carolina,Avery
North Carolina,Cleveland
North Carolina,Moore
North Carolina,Forsyth
North Carolina,Granville
North Carolina,Warren
North Carolina,Pamlico
North Carolina,Caswell
North Carolina,Lenoir
North Carolina,Graham
North Carolina,Gates
North Carolina,Rutherford
North Carolina,Washington
North Carolina,Anson
North Carolina,Orange
North Carolina,Craven
North Carolina,Wilson
North Carolina,Duplin
North Carolina,Haywood
North Carolina,Guilford
North Carolina,Jackson
North Carolina,Iredell
North Carolina,Hertford
North Carolina,Polk
North Carolina,Scotland
North Carolina,Harnett
North Carolina,Lee
North Carolina,Bladen
North Carolina,Cherokee
North Carolina,Catawba
North Carolina,Tyrrell
North Carolina,Macon
North Carolina,Perquimans
North Carolina,Hyde
North Carolina,Gaston
North Carolina,Johnston
North Carolina,Bertie
North Carolina,Stanly
North Carolina,Greene
North Carolina,New Hanover
North Carolina,Pitt
North Carolina,Pender
North Carolina,Union
North Carolina,Mitchell
North Carolina,Onslow
North Carolina,Edgecombe
North Carolina,Mecklenburg
North Carolina,Yancey
North Carolina,Yadkin
North Carolina,Burke
North Carolina,Wayne
North Carolina,Davie
North Carolina,McDowell
North Carolina,Wake
North Carolina,Currituck
North Carolina,Jones
North Carolina,Chowan
North Carolina,Buncombe
North Carolina,Rockingham
North Carolina,Martin
North Carolina,Henderson
North Carolina,Nash
North Carolina,Ashe
North Carolina,Brunswick
North Carolina,Montgomery
North Carolina,Vance
North Carolina,Transylvania
North Carolina,Surry
North Carolina,Clay
North Carolina,Dare
North Carolina,Columbus
North Dakota,Walsh
North Dakota,Sioux
North Dakota,Burke
North Dakota,Ramsey
North Dakota,Sargent
North Dakota,Grand Forks
North Dakota,Mercer
North Dakota,Dickey
North Dakota,Barnes
North Dakota,Burleigh
North Dakota,Ward
North Dakota,Bottineau
North Dakota,Benson
North Dakota,Stark
North Dakota,Bowman
North Dakota,Logan
North Dakota,Emmons
North Dakota,Sheridan
North Dakota,Traill
North Dakota,McHenry
North Dakota,LaMoure
North Dakota,Kidder
North Dakota,Nelson
North Dakota,Steele
North Dakota,Wells
North Dakota,Griggs
North Dakota,Slope
North Dakota,Divide
North Dakota,McIntosh
North Dakota,Adams
North Dakota,Cavalier
North Dakota,Williams
North Dakota,Cass
North Dakota,Billings
North Dakota,Mountrail
North Dakota,McLean
North Dakota,Foster
North Dakota,Pembina
North Dakota,Richland
North Dakota,Grant
North Dakota,McKenzie
North Dakota,Ransom
North Dakota,Towner
North Dakota,Renville
North Dakota,Stutsman
North Dakota,Golden Valley
North Dakota,Oliver
North Dakota,Dunn
North Dakota,Rolette
North Dakota,Morton
North Dakota,Pierce
North Dakota,Eddy
North Dakota,Hettinger
Ohio,Hancock
Ohio,Allen
Ohio,Lake
Ohio,Fayette
Ohio,Butler
Ohio,Morgan
Ohio,Portage
Ohio,Scioto
Ohio,Vinton
Ohio,Paulding
Ohio,Henry
Ohio,Fulton
Ohio,Brown
Ohio,Logan
Ohio,Trumbull
Ohio,Pike
Ohio,Monroe
Ohio,Lawrence
Ohio,Adams
Ohio,Crawford
Ohio,Guernsey
Ohio,Van Wert
Ohio,Pickaway
Ohio,Muskingum
Ohio,Richland
Ohio,Champaign
Ohio,Wayne
Ohio,Ottawa
Ohio,Harrison
Ohio,Clark
Ohio,Hocking
Ohio,Miami
Ohio,Delaware
Ohio,Darke
Ohio,Greene
Ohio,Ashland
Ohio,Lucas
Ohio,Ashtabula
Ohio,Preble
Ohio,Jackson
Ohio,Stark
Ohio,Mahoning
Ohio,Tuscarawas
Ohio,Highland
Ohio,Morrow
Ohio,Marion
Ohio,Perry
Ohio,Erie
Ohio,Clinton
Ohio,Lorain
Ohio,Defiance
Ohio,Athens
Ohio,Jefferson
Ohio,Sandusky
Ohio,Montgomery
Ohio,Auglaize
Ohio,Geauga
Ohio,Hamilton
Ohio,Holmes
Ohio,Columbiana
Ohio,Carroll
Ohio,Belmont
Ohio,Ross
Ohio,Washington
Ohio,Madison
Ohio,Hardin
Ohio,Clermont
Ohio,Noble
Ohio,Putnam
Ohio,Meigs
Ohio,Franklin
Ohio,Huron
Ohio,Wood
Ohio,Seneca
Ohio,Williams
Ohio,Union
Ohio,Cuyahoga
Ohio,Warren
Ohio,Fairfield
Ohio,Knox
Ohio,Licking
Ohio,Summit
Ohio,Shelby
Ohio,Medina
Ohio,Gallia
Ohio,Coshocton
Ohio,Wyandot
Ohio,Mercer
Oklahoma,Adair
Oklahoma,Sequoyah
Oklahoma,Canadian
Oklahoma,Marshall
Oklahoma,Harper
Oklahoma,Alfalfa
Oklahoma,Lincoln
Oklahoma,Hughes
Oklahoma,Muskogee
Oklahoma,Ottawa
Oklahoma,Rogers
Oklahoma,Caddo
Oklahoma,Mayes
Oklahoma,Coal
Oklahoma,Carter
Oklahoma,Greer
Oklahoma,Cotton
Oklahoma,McCurtain
Oklahoma,Atoka
Oklahoma,Okmulgee
Oklahoma,Washington
Oklahoma,Seminole
Oklahoma,Woods
Oklahoma,Harmon
Oklahoma,Kay
Oklahoma,Blaine
Oklahoma,Pontotoc
Oklahoma,Creek
Oklahoma,Pottawatomie
Oklahoma,Kiowa
Oklahoma,Love
Oklahoma,Noble
Oklahoma,Washita
Oklahoma,Jackson
Oklahoma,Major
Oklahoma,Delaware
Oklahoma,Custer
Oklahoma,Ellis
Oklahoma,Oklahoma
Oklahoma,Johnston
Oklahoma,Comanche
Oklahoma,Pushmataha
Oklahoma,Cleveland
Oklahoma,Wagoner
Oklahoma,Beckham
Oklahoma,Garvin
Oklahoma,Craig
Oklahoma,Cherokee
Oklahoma,Osage
Oklahoma,Tillman
Oklahoma,Logan
Oklahoma,Pittsburg
Oklahoma,Jefferson
Oklahoma,Pawnee
Oklahoma,Okfuskee
Oklahoma,McClain
Oklahoma,Le Flore
Oklahoma,Beaver
Oklahoma,Dewey
Oklahoma,Choctaw
Oklahoma,Roger Mills
Oklahoma,Bryan
Oklahoma,Latimer
Oklahoma,Texas
Oklahoma,Woodward
Oklahoma,Stephens
Oklahoma,Tulsa
Oklahoma,McIntosh
Oklahoma,Kingfisher
Oklahoma,Grant
Oklahoma,Murray
Oklahoma,Nowata
Oklahoma,Haskell
Oklahoma,Grady
Oklahoma,Payne
Oklahoma,Cimarron
Oklahoma,Garfield
Oregon,Wallowa
Oregon,Crook
Oregon,Clackamas
Oregon,Clatsop
Oregon,Klamath
Oregon,Morrow
Oregon,Jackson
Oregon,Multnomah
Oregon,Baker
Oregon,Benton
Oregon,Marion
Oregon,Grant
Oregon,Coos
Oregon,Linn
Oregon,Lake
Oregon,Wheeler
Oregon,Malheur
Oregon,Tillamook
Oregon,Lane
Oregon,Union
Oregon,Douglas
Oregon,Columbia
Oregon,Hood River
Oregon,Harney
Oregon,Lincoln
Oregon,Josephine
Oregon,Gilliam
Oregon,Deschutes
Oregon,Polk
Oregon,Wasco
Oregon,Sherman
Oregon,Yamhill
Oregon,Curry
Oregon,Umatilla
Oregon,Jefferson
Oregon,Washington
Pennsylvania,Beaver
Pennsylvania,Forest
Pennsylvania,Tioga
Pennsylvania,Dauphin
Pennsylvania,Wayne
Pennsylvania,Greene
Pennsylvania,Jefferson
Pennsylvania,Snyder
Pennsylvania,Clarion
Pennsylvania,Clearfield
Pennsylvania,Indiana
Pennsylvania,Perry
Pennsylvania,Cameron
Pennsylvania,Butler
Pennsylvania,Philadelphia
Pennsylvania,Fulton
Pennsylvania,Bradford
Pennsylvania,Huntingdon
Pennsylvania,Bedford
Pennsylvania,Lawrence
Pennsylvania,Clinton
Pennsylvania,Columbia
Pennsylvania,Berks
Pennsylvania,Mercer
Pennsylvania,Schuylkill
Pennsylvania,Sullivan
Pennsylvania,Northumberland
Pennsylvania,Cambria
Pennsylvania,Lackawanna
Pennsylvania,Wyoming
Pennsylvania,Chester
Pennsylvania,Monroe
Pennsylvania,York
Pennsylvania,Elk
Pennsylvania,Carbon
Pennsylvania,Blair
Pennsylvania,Somerset
Pennsylvania,Erie
Pennsylvania,Fayette
Pennsylvania,Juniata
Pennsylvania,McKean
Pennsylvania,Mifflin
Pennsylvania,Montgomery
Pennsylvania,Warren
Pennsylvania,Montour
Pennsylvania,Delaware
Pennsylvania,Adams
Pennsylvania,Lehigh
Pennsylvania,Northampton
Pennsylvania,Cumberland
Pennsylvania,Franklin
Pennsylvania,Luzerne
Pennsylvania,Potter
Pennsylvania,Allegheny
Pennsylvania,Bucks
Pennsylvania,Lycoming
Pennsylvania,Lebanon
Pennsylvania,Centre
Pennsylvania,Pike
Pennsylvania,Susquehanna
Pennsylvania,Washington
Pennsylvania,Union
Pennsylvania,Crawford
Pennsylvania,Venango
Pennsylvania,Lancaster
Pennsylvania,Armstrong
Pennsylvania,Westmoreland
Rhode Island,Washington
Rhode Island,Providence
Rhode Island,Bristol
Rhode Island,Newport
Rhode Island,Kent
South Carolina,Chester
South Carolina,Saluda
South Carolina,Williamsburg
South Carolina,Dorchester
South Carolina,Berkeley
South Carolina,Greenwood
South Carolina,Marlboro
South Carolina,Bamberg
South Carolina,Darlington
South Carolina,Aiken
South Carolina,Laurens
South Carolina,Newberry
South Carolina,Lexington
South Carolina,Anderson
South Carolina,Beaufort
South Carolina,Pickens
South Carolina,Kershaw
South Carolina,Greenville
South Carolina,Florence
South Carolina,Sumter
South Carolina,Orangeburg
South Carolina,Spartanburg
South Carolina,Marion
South Carolina,Charleston
South Carolina,Edgefield
South Carolina,Oconee
South Carolina,Colleton
South Carolina,Hampton
South Carolina,Abbeville
South Carolina,Horry
South Carolina,Cherokee
South Carolina,Lancaster
South Carolina,Allendale
South Carolina,Lee
South Carolina,Clarendon
South Carolina,Fairfield
South Carolina,Dillon
South Carolina,Jasper
South Carolina,McCormick
South Carolina,Union
South Carolina,Richland
South Carolina,Calhoun
South Carolina,York
South Carolina,Barnwell
South Carolina,Georgetown
South Carolina,Chesterfield
South Dakota,Minnehaha
South Dakota,Hutchinson
South Dakota,Moody
South Dakota,Douglas
South Dakota,Deuel
South Dakota,Clark
South Dakota,Miner
South Dakota,Jerauld
South Dakota,McCook
South Dakota,Lawrence
South Dakota,Ziebach
South Dakota,Brule
South Dakota,Sully
South Dakota,Walworth
South Dakota,Kingsbury
South Dakota,Haakon
South Dakota,Hanson
South Dakota,Dewey
South Dakota,Clay
South Dakota,Yankton
South Dakota,Brown
South Dakota,Lake
South Dakota,Lyman
South Dakota,Jackson
South Dakota,Custer
South Dakota,Beadle
South Dakota,Jones
South Dakota,Campbell
South Dakota,Harding
South Dakota,Codington
South Dakota,Bon Homme
South Dakota,Bennett
South Dakota,Roberts
South Dakota,Todd
South Dakota,Turner
South Dakota,Davison
South Dakota,Stanley
South Dakota,Aurora
South Dakota,Pennington
South Dakota,Lincoln
South Dakota,Perkins
South Dakota,Brookings
South Dakota,Buffalo
South Dakota,Mellette
South Dakota,Potter
South Dakota,Fall River
South Dakota,Hughes
South Dakota,Hyde
South Dakota,Hamlin
South Dakota,Edmunds
South Dakota,Hand
South Dakota,Spink
South Dakota,Faulk
South Dakota,Butte
South Dakota,Meade
South Dakota,McPherson
South Dakota,Oglala Lakota
South Dakota,Charles Mix
South Dakota,Union
South Dakota,Day
South Dakota,Tripp
South Dakota,Sanborn
South Dakota,Corson
South Dakota,Gregory
South Dakota,Grant
South Dakota,Marshall
Tennessee,Hamilton
Tennessee,Marion
Tennessee,White
Tennessee,Morgan
Tennessee,Campbell
Tennessee,Monroe
Tennessee,Rutherford
Tennessee,Smith
Tennessee,Trousdale
Tennessee,Sumner
Tennessee,Grundy
Tennessee,Bedford
Tennessee,Clay
Tennessee,Lauderdale
Tennessee,Loudon
Tennessee,DeKalb
Tennessee,Hickman
Tennessee,Putnam
Tennessee,Warren
Tennessee,Lake
Tennessee,Jefferson
Tennessee,Haywood
Tennessee,Lawrence
Tennessee,Hawkins
Tennessee,Union
Tennessee,Blount
Tennessee,Chester
Tennessee,Jackson
Tennessee,Moore
Tennessee,Sullivan
Tennessee,Carter
Tennessee,Washington
Tennessee,Stewart
Tennessee,Macon
Tennessee,Hardeman
Tennessee,Carroll
Tennessee,Wayne
Tennessee,McMinn
Tennessee,Van Buren
Tennessee,Houston
Tennessee,Giles
Tennessee,Humphreys
Tennessee,Sequatchie
Tennessee,Roane
Tennessee,Montgomery
Tennessee,Henry
Tennessee,Dickson
Tennessee,Greene
Tennessee,Unicoi
Tennessee,Coffee
Tennessee,Perry
Tennessee,Williamson
Tennessee,Cumberland
Tennessee,Knox
Tennessee,Cocke
Tennessee,Hancock
Tennessee,Hardin
Tennessee,Claiborne
Tennessee,Rhea
Tennessee,Overton
Tennessee,Obion
Tennessee,Robertson
Tennessee,Wilson
Tennessee,Grainger
Tennessee,Bradley
Tennessee,Shelby
Tennessee,Meigs
Tennessee,Lincoln
Tennessee,Davidson
Tennessee,Bledsoe
Tennessee,Weakley
Tennessee,Marshall
Tennessee,Johnson
Tennessee,Sevier
Tennessee,Polk
Tennessee,Henderson
Tennessee,McNairy
Tennessee,Fentress
Tennessee,Benton
Tennessee,Pickett
Tennessee,Franklin
Tennessee,Tipton
Tennessee,Anderson
Tennessee,Cannon
Tennessee,Crockett
Tennessee,Cheatham
Tennessee,Madison
Tennessee,Dyer
Tennessee,Gibson
Tennessee,Scott
Tennessee,Decatur
Tennessee,Maury
Tennessee,Fayette
Tennessee,Hamblen
Tennessee,Lewis
Texas,Menard
Texas,Hale
Texas,Armstrong
Texas,Calhoun
Texas,Clay
Texas,Orange
Texas,Gonzales
Texas,Fannin
Texas,Kerr
Texas,Refugio
Texas,Jim Hogg
Texas,Dimmit
Texas,Nolan
Texas,Brazos
Texas,Jefferson
Texas,Bell
Texas,Bandera
Texas,Hidalgo
Texas,Schleicher
Texas,Grayson
Texas,Crosby
Texas,Delta
Texas,Zavala
Texas,Rockwall
Texas,Eastland
Texas,DeWitt
Texas,Angelina
Texas,McLennan
Texas,Lamar
Texas,Leon
Texas,Stonewall
Texas,McMullen
Texas,Sutton
Texas,Fort Bend
Texas,Parker
Texas,Kinney
Texas,Fayette
Texas,Briscoe
Texas,Harrison
Texas,Reagan
Texas,Coleman
Texas,Ochiltree
Texas,Crane
Texas,Washington
Texas,Lynn
Texas,Mills
Texas,Oldham
Texas,Sabine
Texas,Hopkins
Texas,Houston
Texas,Bexar
Texas,Upton
Texas,Erath
Texas,Randall
Texas,Rusk
Texas,Coryell
Texas,Comal
Texas,Aransas
Texas,Jack
Texas,Hemphill
Texas,Shackelford
Texas,San Jacinto
Texas,Kendall
Texas,Wharton
Texas,Floyd
Texas,Karnes
Texas,Kaufman
Texas,Duval
Texas,Johnson
Texas,Franklin
Texas,Edwards
Texas,Waller
Texas,Maverick
Texas,Kleberg
Texas,Gaines
Texas,Martin
Texas,Bowie
Texas,Andrews
Texas,Potter
Texas,Garza
Texas,Caldwell
Texas,Parmer
Texas,Titus
Texas,Terry
Texas,Foard
Texas,Real
Texas,Carson
Texas,Knox
Texas,Hays
Texas,Medina
Texas,Motley
Texas,Wichita
Texas,Midland
Texas,Victoria
Texas,Tyler
Texas,Falls
Texas,Presidio
Texas,Willacy
Texas,Lubbock
Texas,Henderson
Texas,Walker
Texas,Galveston
Texas,Harris
Texas,Dawson
Texas,Pecos
Texas,Nacogdoches
Texas,Guadalupe
Texas,Tarrant
Texas,Jackson
Texas,Swisher
Texas,Sterling
Texas,Winkler
Texas,Frio
Texas,Lipscomb
Texas,Collingsworth
Texas,Colorado
Texas,Wise
Texas,Glasscock
Texas,Shelby
Texas,Comanche
Texas,Burnet
Texas,Gray
Texas,Hudspeth
Texas,Cass
Texas,Ellis
Texas,Cooke
Texas,Williamson
Texas,Cochran
Texas,Van Zandt
Texas,Donley
Texas,Jones
Texas,Grimes
Texas,Irion
Texas,Navarro
Texas,Brooks
Texas,Dallam
Texas,Hunt
Texas,Mitchell
Texas,Wood
Texas,Childress
Texas,Jeff Davis
Texas,Montague
Texas,Brown
Texas,Haskell
Texas,Fisher
Texas,Concho
Texas,Coke
Texas,Polk
Texas,Cottle
Texas,Young
Texas,Lee
Texas,Cherokee
Texas,Hall
Texas,Hood
Texas,Archer
Texas,Baylor
Texas,San Augustine
Texas,Madison
Texas,Milam
Texas,Reeves
Texas,Nueces
Texas,Camp
Texas,Freestone
Texas,Runnels
Texas,Terrell
Texas,Deaf Smith
Texas,Marion
Texas,Liberty
Texas,Jasper
Texas,Hansford
Texas,Chambers
Texas,Hardin
Texas,Collin
Texas,Brazoria
Texas,Throckmorton
Texas,Bastrop
Texas,Scurry
Texas,Ector
Texas,Limestone
Texas,Denton
Texas,Red River
Texas,Matagorda
Texas,Hardeman
Texas,Palo Pinto
Texas,Live Oak
Texas,Sherman
Texas,Uvalde
Texas,Bailey
Texas,Culberson
Texas,Atascosa
Texas,Wilson
Texas,Starr
Texas,Dallas
Texas,Kimble
Texas,McCulloch
Texas,Crockett
Texas,Hill
Texas,Kent
Texas,El Paso
Texas,Loving
Texas,Dickens
Texas,La Salle
Texas,Lamb
Texas,Austin
Texas,Hutchinson
Texas,Val Verde
Texas,Smith
Texas,Robertson
Texas,Gillespie
Texas,King
Texas,Tom Green
Texas,Yoakum
Texas,Somervell
Texas,Kenedy
Texas,Borden
Texas,San Saba
Texas,Burleson
Texas,Bee
Texas,Trinity
Texas,Castro
Texas,Brewster
Texas,Gregg
Texas,Ward
Texas,Wilbarger
Texas,Hamilton
Texas,Stephens
Texas,Lavaca
Texas,Bosque
Texas,Goliad
Texas,Roberts
Texas,Callahan
Texas,Rains
Texas,Morris
Texas,Lampasas
Texas,Upshur
Texas,Wheeler
Texas,San Patricio
Texas,Moore
Texas,Webb
Texas,Blanco
Texas,Newton
Texas,Hockley
Texas,Panola
Texas,Anderson
Texas,Cameron
Texas,Montgomery
Texas,Llano
Texas,Mason
Texas,Taylor
Texas,Hartley
Texas,Jim Wells
Texas,Zapata
Texas,Travis
Texas,Howard
Utah,Rich
Utah,Cache
Utah,Duchesne
Utah,Davis
Utah,Box Elder
Utah,Millard
Utah,Morgan
Utah,Weber
Utah,Kane
Utah,Salt Lake
Utah,Sevier
Utah,Garfield
Utah,Washington
Utah,Piute
Utah,Summit
Utah,Emery
Utah,Daggett
Utah,Beaver
Utah,Uintah
Utah,Utah
Utah,Wayne
Utah,Juab
Utah,Carbon
Utah,Iron
Utah,Sanpete
Utah,San Juan
Utah,Wasatch
Utah,Grand
Utah,Tooele
Vermont,Franklin
Vermont,Orange
Vermont,Essex
Vermont,Rutland
Vermont,Lamoille
Vermont,Caledonia
Vermont,Bennington
Vermont,Grand Isle
Vermont,Chittenden
Vermont,Windsor
Vermont,Washington
Vermont,Addison
Vermont,Windham
Vermont,Orleans
Virginia,Salem
Virginia,Montgomery
Virginia,Poquoson
Virginia,James City
Virginia,Stafford
Virginia,Surry
Virginia,Hanover
Virginia,Russell
Virginia,Henry
Virginia,Alexandria
Virginia,Charlottesville
Virginia,King and Queen
Virginia,Waynesboro
Virginia,Floyd
Virginia,Middlesex
Virginia,Emporia
Virginia,Rappahannock
Virginia,Amherst
Virginia,Covington
Virginia,Essex
Virginia,Buchanan
Virginia,Alleghany
Virginia,Northumberland
Virginia,Craig
Virginia,Buckingham
Virginia,Gloucester
Virginia,Richmond
Virginia,Powhatan
Virginia,Falls Church
Virginia,Goochland
Virginia,Orange
Virginia,Greene
Virginia,Patrick
Virginia,King William
Virginia,Madison
Virginia,Lunenburg
Virginia,Roanoke
Virginia,Chesapeake
Virginia,Charlotte
Virginia,Isle of Wight
Virginia,Fauquier
Virginia,Radford
Virginia,Fairfax
Virginia,Henrico
Virginia,Franklin
Virginia,Harrisonburg
Virginia,Buena Vista
Virginia,Franklin
Virginia,New Kent
Virginia,Bedford
Virginia,Grayson
Virginia,Pittsylvania
Virginia,Giles
Virginia,Wythe
Virginia,Prince William
Virginia,Scott
Virginia,Charles City
Virginia,Manassas Park
Virginia,Arlington
Virginia,Carroll
Virginia,Newport News
Virginia,Bath
Virginia,Winchester
Virginia,Sussex
Virginia,Cumberland
Virginia,Smyth
Virginia,Washington
Virginia,Roanoke
Virginia,Augusta
Virginia,Danville
Virginia,Hopewell
Virginia,Halifax
Virginia,Portsmouth
Virginia,Shenandoah
Virginia,Lexington
Virginia,Accomack
Virginia,Albemarle
Virginia,Clarke
Virginia,Greensville
Virginia,Dinwiddie
Virginia,Norfolk
Virginia,Pulaski
Virginia,Dickenson
Virginia,Amelia
Virginia,Bristol
Virginia,Botetourt
Virginia,Norton
Virginia,Staunton
Virginia,Williamsburg
Virginia,Page
Virginia,Westmoreland
Virginia,Rockbridge
Virginia,Nelson
Virginia,Nottoway
Virginia,Martinsville
Virginia,Appomattox
Virginia,Fluvanna
Virginia,Wise
Virginia,Fredericksburg
Virginia,Mathews
Virginia,King George
Virginia,Prince Edward
Virginia,Galax
Virginia,Campbell
Virginia,Lynchburg
Virginia,Louisa
Virginia,Bland
Virginia,Petersburg
Virginia,Southampton
Virginia,Suffolk
Virginia,Fairfax
Virginia,Lee
Virginia,Tazewell
Virginia,Loudoun
Virginia,York
Virginia,Culpeper
Virginia,Rockingham
Virginia,Warren
Virginia,Manassas
Virginia,Northampton
Virginia,Highland
Virginia,Spotsylvania
Virginia,Chesterfield
Virginia,Brunswick
Virginia,Prince George
Virginia,Hampton
Virginia,Frederick
Virginia,Caroline
Virginia,Colonial Heights
Virginia,Virginia Beach
Virginia,Lancaster
Virginia,Richmond
Virginia,Mecklenburg
Washington,Wahkiakum
Washington,Lewis
Washington,Jefferson
Washington,Columbia
Washington,Kittitas
Washington,Snohomish
Washington,Yakima
Washington,Okanogan
Washington,Spokane
Washington,Island
Washington,Clallam
Washington,Stevens
Washington,Pend Oreille
Washington,Whatcom
Washington,Chelan
Washington,Asotin
Washington,Ferry
Washington,Douglas
Washington,Benton
Washington,Garfield
Washington,King
Washington,Pacific
Washington,Klickitat
Washington,San Juan
Washington,Grays Harbor
Washington,Cowlitz
Washington,Walla Walla
Washington,Grant
Washington,Adams
Washington,Clark
Washington,Lincoln
Washington,Kitsap
Washington,Whitman
Washington,Mason
Washington,Skagit
Washington,Pierce
Washington,Thurston
Washington,Franklin
Washington,Skamania
West Virginia,Pocahontas
West Virginia,Putnam
West Virginia,Wetzel
West Virginia,Boone
West Virginia,Cabell
West Virginia,Marshall
West Virginia,Jackson
West Virginia,Monongalia
West Virginia,Mineral
West Virginia,Hancock
West Virginia,Preston
West Virginia,Hardy
West Virginia,Wood
West Virginia,Webster
West Virginia,Hampshire
West Virginia,McDowell
West Virginia,Harrison
West Virginia,Barbour
West Virginia,Tucker
West Virginia,Clay
West Virginia,Logan
West Virginia,Pleasants
West Virginia,Fayette
West Virginia,Jefferson
West Virginia,Mercer
West Virginia,Wyoming
West Virginia,Braxton
West Virginia,Roane
West Virginia,Grant
West Virginia,Monroe
West Virginia,Doddridge
West Virginia,Wirt
West Virginia,Tyler
West Virginia,Greenbrier
West Virginia,Ritchie
West Virginia,Randolph
West Virginia,Marion
West Virginia,Pendleton
West Virginia,Summers
West Virginia,Berkeley
West Virginia,Upshur
West Virginia,Taylor
West Virginia,Raleigh
West Virginia,Nicholas
West Virginia,Mason
West Virginia,Gilmer
West Virginia,Brooke
West Virginia,Calhoun
West Virginia,Lincoln
West Virginia,Ohio
West Virginia,Morgan
West Virginia,Kanawha
West Virginia,Lewis
West Virginia,Mingo
West Virginia,Wayne
Wisconsin,Sauk
Wisconsin,Pierce
Wisconsin,La Crosse
Wisconsin,Dunn
Wisconsin,Jackson
Wisconsin,Green Lake
Wisconsin,Walworth
Wisconsin,Vernon
Wisconsin,Kenosha
Wisconsin,Milwaukee
Wisconsin,Ashland
Wisconsin,Oneida
Wisconsin,Waushara
Wisconsin,Washburn
Wisconsin,Lafayette
Wisconsin,Waupaca
Wisconsin,Vilas
Wisconsin,Ozaukee
Wisconsin,Sheboygan
Wisconsin,Washington
Wisconsin,Bayfield
Wisconsin,Portage
Wisconsin,Fond du Lac
Wisconsin,Kewaunee
Wisconsin,Langlade
Wisconsin,Rock
Wisconsin,Crawford
Wisconsin,Eau Claire
Wisconsin,Oconto
Wisconsin,Forest
Wisconsin,Sawyer
Wisconsin,Trempealeau
Wisconsin,Polk
Wisconsin,Green
Wisconsin,Outagamie
Wisconsin,Adams
Wisconsin,Taylor
Wisconsin,Marathon
Wisconsin,Florence
Wisconsin,Barron
Wisconsin,Iron
Wisconsin,Monroe
Wisconsin,Racine
Wisconsin,Shawano
Wisconsin,Dodge
Wisconsin,Dane
Wisconsin,Calumet
Wisconsin,Jefferson
Wisconsin,Burnett
Wisconsin,Chippewa
Wisconsin,Douglas
Wisconsin,Marquette
Wisconsin,Brown
Wisconsin,Richland
Wisconsin,Wood
Wisconsin,Winnebago
Wisconsin,Lincoln
Wisconsin,Pepin
Wisconsin,Iowa
Wisconsin,Marinette
Wisconsin,Price
Wisconsin,Grant
Wisconsin,Columbia
Wisconsin,Clark
Wisconsin,St. Croix
Wisconsin,Juneau
Wisconsin,Rusk
Wisconsin,Waukesha
Wisconsin,Buffalo
Wisconsin,Menominee
Wisconsin,Manitowoc
Wisconsin,Door
Wyoming,Lincoln
Wyoming,Fremont
Wyoming,Uinta
Wyoming,Big Horn
Wyoming,Hot Springs
Wyoming,Washakie
Wyoming,Converse
Wyoming,Sweetwater
Wyoming,Crook
Wyoming,Carbon
Wyoming,Campbell
Wyoming,Natrona
Wyoming,Laramie
Wyoming,Platte
Wyoming,Weston
Wyoming,Albany
Wyoming,Park
Wyoming,Johnson
Wyoming,Sheridan
Wyoming,Niobrara
Wyoming,Teton
Wyoming,Sublette
Wyoming,Goshen
American Samoa,"Manu'a"
American Samoa,Eastern
American Samoa,Western
American Samoa,Swains Island
American Samoa,Rose Island
Guam,Guam
Commonwealth of the Northern Mariana Islands,Rota
Commonwealth of the Northern Mariana Islands,Tinian
Commonwealth of the Northern Mariana Islands,Northern Islands
Commonwealth of the Northern Mariana Islands,Saipan
Puerto Rico,Las Piedras
Puerto Rico,Quebradillas
Puerto Rico,Naranjito
Puerto Rico,Fajardo
Puerto Rico,Yabucoa
Puerto Rico,Hormigueros
Puerto Rico,San Juan
Puerto Rico,Culebra
Puerto Rico,Dorado
Puerto Rico,Sabana Grande
Puerto Rico,Ciales
Puerto Rico,Santa Isabel
Puerto Rico,Trujillo Alto
Puerto Rico,Jayuya
Puerto Rico,Mayagüez
Puerto Rico,Canóvanas
Puerto Rico,Salinas
Puerto Rico,Naguabo
Puerto Rico,Aguada
Puerto Rico,Coamo
Puerto Rico,Guánica
Puerto Rico,Barranquitas
Puerto Rico,Lares
Puerto Rico,Yauco
Puerto Rico,Adjuntas
Puerto Rico,Maricao
Puerto Rico,Aguadilla
Puerto Rico,Aibonito
Puerto Rico,Peñuelas
Puerto Rico,Ponce
Puerto Rico,Bayamón
Puerto Rico,Rincón
Puerto Rico,Vega Baja
Puerto Rico,Cabo Rojo
Puerto Rico,Humacao
Puerto Rico,Juncos
Puerto Rico,Ceiba
Puerto Rico,Corozal
Puerto Rico,Moca
Puerto Rico,Orocovis
Puerto Rico,San Lorenzo
Puerto Rico,Toa Alta
Puerto Rico,Maunabo
Puerto Rico,Patillas
Puerto Rico,Manatí
Puerto Rico,Vieques
Puerto Rico,Loíza
Puerto Rico,Añasco
Puerto Rico,Cidra
Puerto Rico,Gurabo
Puerto Rico,Hatillo
Puerto Rico,Guayama
Puerto Rico,Vega Alta
Puerto Rico,Toa Baja
Puerto Rico,Utuado
Puerto Rico,Arecibo
Puerto Rico,Villalba
Puerto Rico,Guaynabo
Puerto Rico,Barceloneta
Puerto Rico,Cayey
Puerto Rico,Arroyo
Puerto Rico,San Germán
Puerto Rico,Carolina
Puerto Rico,Isabela
Puerto Rico,Florida
Puerto Rico,Lajas
Puerto Rico,Caguas
Puerto Rico,Camuy
Puerto Rico,Río Grande
Puerto Rico,Juana Díaz
Puerto Rico,Comerío
Puerto Rico,Aguas Buenas
Puerto Rico,Cataño
Puerto Rico,Morovis
Puerto Rico,Las Marías
Puerto Rico,Guayanilla
Puerto Rico,San Sebastián
Puerto Rico,Luquillo
United States Virgin Islands,St. Thomas
United States Virgin Islands,St. Croix
United States Virgin Islands,St. John
